{"accuracy": [0.05588393285870552, 0.12036539614200592, 0.15314346551895142, 0.19666846096515656, 0.22299838066101074, 0.22299838066101074, 0.23320795595645905, 0.26007524132728577, 0.2632993161678314, 0.26974743604660034, 0.27243417501449585, 0.30413755774497986, 0.312197744846344, 0.3073616325855255, 0.31649652123451233, 0.3207952678203583, 0.3401397168636322, 0.32401934266090393, 0.35357335209846497, 0.3374529778957367, 0.3503492772579193, 0.33960235118865967, 0.3578720986843109, 0.36109617352485657, 0.3702310621738434, 0.3804406225681305, 0.3917248845100403, 0.37721654772758484, 0.38258999586105347, 0.38366469740867615, 0.4062332212924957, 0.3933369219303131, 0.40139710903167725, 0.4019344449043274, 0.42289093136787415, 0.40784525871276855, 0.40247178077697754, 0.40784525871276855, 0.4142933785915375, 0.41536808013916016, 0.424502968788147, 0.4223535656929016, 0.4427727162837982, 0.44169801473617554, 0.4513702392578125, 0.4400859773159027, 0.44438475370407104, 0.4459967613220215, 0.4535196125507355, 0.4384739398956299], "loss": [3.639024257659912, 3.1347463130950928, 2.947361946105957, 2.7376790046691895, 2.641390562057495, 2.5266149044036865, 2.4904093742370605, 2.4234659671783447, 2.402405261993408, 2.3319971561431885, 2.340454339981079, 2.2713518142700195, 2.252885580062866, 2.2324371337890625, 2.194765567779541, 2.172851085662842, 2.118320941925049, 2.155911684036255, 2.0961151123046875, 2.079343557357788, 2.079939603805542, 2.085092067718506, 2.0323004722595215, 2.0510013103485107, 2.0051538944244385, 1.987350583076477, 1.9583228826522827, 1.9541363716125488, 1.9557969570159912, 1.970149278640747, 1.8822158575057983, 1.91078519821167, 1.881328821182251, 1.8880929946899414, 1.8748286962509155, 1.8503552675247192, 1.8768038749694824, 1.8490513563156128, 1.8153514862060547, 1.8598297834396362, 1.8049651384353638, 1.8166282176971436, 1.7963218688964844, 1.7646968364715576, 1.7366431951522827, 1.733263373374939, 1.7400983572006226, 1.7517210245132446, 1.7204718589782715, 1.759425401687622], "val_accuracy": [0.06476683914661407, 0.09326425194740295, 0.08808290213346481, 0.1424870491027832, 0.18393781781196594, 0.17098446190357208, 0.16321243345737457, 0.24352331459522247, 0.20984455943107605, 0.2668393850326538, 0.2849740982055664, 0.22020725905895233, 0.28238341212272644, 0.3212435245513916, 0.3108808398246765, 0.287564754486084, 0.31865283846855164, 0.2694300413131714, 0.36010363698005676, 0.3497409224510193, 0.3290155529975891, 0.32383421063423157, 0.2849740982055664, 0.33419689536094666, 0.30829015374183655, 0.28238341212272644, 0.29792746901512146, 0.31865283846855164, 0.31606218218803406, 0.3497409224510193, 0.33678755164146423, 0.2927461266517639, 0.3056994676589966, 0.41450777649879456, 0.31606218218803406, 0.3134714961051941, 0.33419689536094666, 0.38860103487968445, 0.33419689536094666, 0.303108811378479, 0.30829015374183655, 0.31865283846855164, 0.3393782377243042, 0.29792746901512146, 0.34196892380714417, 0.37046632170677185, 0.3471502661705017, 0.3549222946166992, 0.3678756356239319, 0.3575129508972168], "val_loss": [3.554232120513916, 3.572502374649048, 3.6566781997680664, 3.1377475261688232, 2.9697155952453613, 2.927237033843994, 3.22348952293396, 2.5509955883026123, 2.6342532634735107, 2.388855218887329, 2.3883984088897705, 2.5995352268218994, 2.3513293266296387, 2.2926149368286133, 2.2427163124084473, 2.3992373943328857, 2.2565557956695557, 2.632251262664795, 2.101184129714966, 2.2111711502075195, 2.1718904972076416, 2.2548458576202393, 2.4035582542419434, 2.1980457305908203, 2.327169418334961, 2.458822727203369, 2.405773401260376, 2.2144429683685303, 2.2122762203216553, 2.158120632171631, 2.168203830718994, 2.456035614013672, 2.247302532196045, 1.9158964157104492, 2.2854127883911133, 2.3584742546081543, 2.1865406036376953, 2.0435760021209717, 2.181793689727783, 2.3008105754852295, 2.312992811203003, 2.1804823875427246, 2.054914712905884, 2.364898443222046, 2.0326554775238037, 1.9797440767288208, 2.153808832168579, 2.1158268451690674, 1.9856728315353394, 2.032978057861328]}